
   [
    {
      "shape_id" : 1,
      "object_type": "path",
      "point_position" : [{"x": 200,"y": 200}, {"x": 250,"y": 270}, {"x": 200,"y": 350}, {"x": 300,"y": 350}, {"x": 350,"y": 270}, {"x": 300,"y": 200}, {"x": 200,"y": 200}],
      "before_colour" : "#9f9f9f",
      "after_colour" : "#e49034",
      "mp3" : "audio/six_feet_under.mp3",
      "subtitles" : "Help, I lost myself again But I remember you. Don't come back, it won't end well But I wish you'd tell me to Our love is six feet under I can't help but wonder If our grave was watered by the rain Would roses bloom? Could roses bloom Again? Retrace my lips, erase your touch It's all too much for me Blow away like smoke in air How can you die carelessly? Our love is six feet under I can't help but wonder If our grave was watered by the rain Would roses bloom? Could roses bloom? They're playin' our sound Layin' us down tonight And all of these clouds Cryin' us back to life But you're cold as a night Six feet under I can't help but wonder If our grave was watered by the rain Bloom Bloom Again Help, I lost myself again But I remember you. Help, I lost myself again But I remember you Don't come back, it won't end well But I wish you'd tell me to Our love is six feet under I can't help but wonder If our grave was watered by the rain Would roses bloom? Could roses bloom Again? Retrace my lips, erase your touch It's all too much for me Blow away like smoke in air How can you die carelessly? Our love is six feet under I can't help but wonder If our grave was watered by the rain Would roses bloom? Could roses bloom? They're playin' our sound Layin' us down tonight And all of these clouds Cryin' us back to life But you're cold as a night Six feet under I can't help but wonder If our grave was watered by the rain Bloom Bloom Again Help, I lost myself again But I remember you"
    }
]
